--------------------------------------------------------
--  File created - Sunday-May-09-2021   
--------------------------------------------------------
--------------------------------------------------------
--  DDL for Table ADMIN
--------------------------------------------------------

  CREATE TABLE "ADMIN"."ADMIN" 
   (	"ADMINID" NUMBER GENERATED BY DEFAULT ON NULL AS IDENTITY MINVALUE 1 MAXVALUE 9999999999999999999999999999 INCREMENT BY 1 START WITH 1 CACHE 20 NOORDER  NOCYCLE  NOKEEP  NOSCALE , 
	"PWHASH" VARCHAR2(256 BYTE) COLLATE "USING_NLS_COMP"
   )  DEFAULT COLLATION "USING_NLS_COMP" SEGMENT CREATION IMMEDIATE 
  PCTFREE 10 PCTUSED 40 INITRANS 10 MAXTRANS 255 
 COLUMN STORE COMPRESS FOR QUERY HIGH ROW LEVEL LOCKING LOGGING
  STORAGE(INITIAL 65536 NEXT 1048576 MINEXTENTS 1 MAXEXTENTS 2147483645
  PCTINCREASE 0 FREELISTS 1 FREELIST GROUPS 1
  BUFFER_POOL DEFAULT FLASH_CACHE DEFAULT CELL_FLASH_CACHE DEFAULT)
  TABLESPACE "DATA" ;
--------------------------------------------------------
--  DDL for Table HALLGATO
--------------------------------------------------------

  CREATE TABLE "ADMIN"."HALLGATO" 
   (	"HALLGATOID" NUMBER GENERATED BY DEFAULT ON NULL AS IDENTITY MINVALUE 1 MAXVALUE 9999999999999999999999999999 INCREMENT BY 1 START WITH 1 CACHE 20 NOORDER  NOCYCLE  NOKEEP  NOSCALE , 
	"PWHASH" VARCHAR2(256 BYTE) COLLATE "USING_NLS_COMP", 
	"NAME" VARCHAR2(200 BYTE) COLLATE "USING_NLS_COMP"
   )  DEFAULT COLLATION "USING_NLS_COMP" SEGMENT CREATION IMMEDIATE 
  PCTFREE 10 PCTUSED 40 INITRANS 10 MAXTRANS 255 
 COLUMN STORE COMPRESS FOR QUERY HIGH ROW LEVEL LOCKING LOGGING
  STORAGE(INITIAL 65536 NEXT 1048576 MINEXTENTS 1 MAXEXTENTS 2147483645
  PCTINCREASE 0 FREELISTS 1 FREELIST GROUPS 1
  BUFFER_POOL DEFAULT FLASH_CACHE DEFAULT CELL_FLASH_CACHE DEFAULT)
  TABLESPACE "DATA" ;
--------------------------------------------------------
--  DDL for Table HIR
--------------------------------------------------------

  CREATE TABLE "ADMIN"."HIR" 
   (	"HIRID" NUMBER GENERATED BY DEFAULT ON NULL AS IDENTITY MINVALUE 1 MAXVALUE 9999999999999999999999999999 INCREMENT BY 1 START WITH 1 CACHE 20 NOORDER  NOCYCLE  NOKEEP  NOSCALE , 
	"KOZZETEVOID" NUMBER(6,0), 
	"CIM" NVARCHAR2(500) COLLATE "USING_NLS_COMP", 
	"SZOVEGTORZS" NVARCHAR2(2000) COLLATE "USING_NLS_COMP", 
	"KULDESIDOPONT" DATE, 
	"ADMINE" NUMBER(1,0)
   )  DEFAULT COLLATION "USING_NLS_COMP" SEGMENT CREATION IMMEDIATE 
  PCTFREE 10 PCTUSED 40 INITRANS 10 MAXTRANS 255 
 COLUMN STORE COMPRESS FOR QUERY HIGH ROW LEVEL LOCKING LOGGING
  STORAGE(INITIAL 65536 NEXT 1048576 MINEXTENTS 1 MAXEXTENTS 2147483645
  PCTINCREASE 0 FREELISTS 1 FREELIST GROUPS 1
  BUFFER_POOL DEFAULT FLASH_CACHE DEFAULT CELL_FLASH_CACHE DEFAULT)
  TABLESPACE "DATA" ;
--------------------------------------------------------
--  DDL for Table KURZUS
--------------------------------------------------------

  CREATE TABLE "ADMIN"."KURZUS" 
   (	"KURZUSID" NUMBER GENERATED BY DEFAULT AS IDENTITY MINVALUE 1 MAXVALUE 9999999999999999999999999999 INCREMENT BY 1 START WITH 1 CACHE 20 NOORDER  NOCYCLE  NOKEEP  NOSCALE , 
	"OKTATOID" NUMBER(6,0), 
	"KURZUSNEV" VARCHAR2(50 BYTE) COLLATE "USING_NLS_COMP"
   )  DEFAULT COLLATION "USING_NLS_COMP" SEGMENT CREATION IMMEDIATE 
  PCTFREE 10 PCTUSED 40 INITRANS 10 MAXTRANS 255 
 COLUMN STORE COMPRESS FOR QUERY HIGH ROW LEVEL LOCKING LOGGING
  STORAGE(INITIAL 65536 NEXT 1048576 MINEXTENTS 1 MAXEXTENTS 2147483645
  PCTINCREASE 0 FREELISTS 1 FREELIST GROUPS 1
  BUFFER_POOL DEFAULT FLASH_CACHE DEFAULT CELL_FLASH_CACHE DEFAULT)
  TABLESPACE "DATA" ;
--------------------------------------------------------
--  DDL for Table KURZUSFELVETEL
--------------------------------------------------------

  CREATE TABLE "ADMIN"."KURZUSFELVETEL" 
   (	"HALLGATOID" NUMBER(6,0), 
	"KURZUSID" NUMBER(10,0)
   )  DEFAULT COLLATION "USING_NLS_COMP" SEGMENT CREATION IMMEDIATE 
  PCTFREE 10 PCTUSED 40 INITRANS 10 MAXTRANS 255 
 COLUMN STORE COMPRESS FOR QUERY HIGH ROW LEVEL LOCKING LOGGING
  STORAGE(INITIAL 65536 NEXT 1048576 MINEXTENTS 1 MAXEXTENTS 2147483645
  PCTINCREASE 0 FREELISTS 1 FREELIST GROUPS 1
  BUFFER_POOL DEFAULT FLASH_CACHE DEFAULT CELL_FLASH_CACHE DEFAULT)
  TABLESPACE "DATA" ;
--------------------------------------------------------
--  DDL for Table OKTATO
--------------------------------------------------------

  CREATE TABLE "ADMIN"."OKTATO" 
   (	"OKTATOID" NUMBER GENERATED BY DEFAULT ON NULL AS IDENTITY MINVALUE 1 MAXVALUE 9999999999999999999999999999 INCREMENT BY 1 START WITH 1 CACHE 20 NOORDER  NOCYCLE  NOKEEP  NOSCALE , 
	"PWHASH" VARCHAR2(256 BYTE) COLLATE "USING_NLS_COMP", 
	"NAME" VARCHAR2(200 BYTE) COLLATE "USING_NLS_COMP"
   )  DEFAULT COLLATION "USING_NLS_COMP" SEGMENT CREATION IMMEDIATE 
  PCTFREE 10 PCTUSED 40 INITRANS 10 MAXTRANS 255 
 COLUMN STORE COMPRESS FOR QUERY HIGH ROW LEVEL LOCKING LOGGING
  STORAGE(INITIAL 65536 NEXT 1048576 MINEXTENTS 1 MAXEXTENTS 2147483645
  PCTINCREASE 0 FREELISTS 1 FREELIST GROUPS 1
  BUFFER_POOL DEFAULT FLASH_CACHE DEFAULT CELL_FLASH_CACHE DEFAULT)
  TABLESPACE "DATA" ;
--------------------------------------------------------
--  DDL for Table VIZSGAALKALOM
--------------------------------------------------------

  CREATE TABLE "ADMIN"."VIZSGAALKALOM" 
   (	"VIZSGAALKALOMID" NUMBER GENERATED BY DEFAULT ON NULL AS IDENTITY MINVALUE 1 MAXVALUE 9999999999999999999999999999 INCREMENT BY 1 START WITH 1 CACHE 20 NOORDER  NOCYCLE  NOKEEP  NOSCALE , 
	"KURZUSID" NUMBER(10,0), 
	"KEZDESIDOPONT" DATE, 
	"VEGZESIDOPONT" DATE, 
	"FEROHELYEKSZAMA" NUMBER(38,0)
   )  DEFAULT COLLATION "USING_NLS_COMP" SEGMENT CREATION IMMEDIATE 
  PCTFREE 10 PCTUSED 40 INITRANS 10 MAXTRANS 255 
 COLUMN STORE COMPRESS FOR QUERY HIGH ROW LEVEL LOCKING LOGGING
  STORAGE(INITIAL 65536 NEXT 1048576 MINEXTENTS 1 MAXEXTENTS 2147483645
  PCTINCREASE 0 FREELISTS 1 FREELIST GROUPS 1
  BUFFER_POOL DEFAULT FLASH_CACHE DEFAULT CELL_FLASH_CACHE DEFAULT)
  TABLESPACE "DATA" ;
--------------------------------------------------------
--  DDL for Table VIZSGAFELVETEL
--------------------------------------------------------

  CREATE TABLE "ADMIN"."VIZSGAFELVETEL" 
   (	"HALLGATOID" NUMBER(6,0), 
	"VIZSGAALKALOMID" NUMBER(10,0)
   )  DEFAULT COLLATION "USING_NLS_COMP" SEGMENT CREATION IMMEDIATE 
  PCTFREE 10 PCTUSED 40 INITRANS 10 MAXTRANS 255 
 COLUMN STORE COMPRESS FOR QUERY HIGH ROW LEVEL LOCKING LOGGING
  STORAGE(INITIAL 65536 NEXT 1048576 MINEXTENTS 1 MAXEXTENTS 2147483645
  PCTINCREASE 0 FREELISTS 1 FREELIST GROUPS 1
  BUFFER_POOL DEFAULT FLASH_CACHE DEFAULT CELL_FLASH_CACHE DEFAULT)
  TABLESPACE "DATA" ;
REM INSERTING into ADMIN.ADMIN
SET DEFINE OFF;
Insert into ADMIN.ADMIN (ADMINID,PWHASH) values (1,'jelszo');
Insert into ADMIN.ADMIN (ADMINID,PWHASH) values (2,'jelszo');
Insert into ADMIN.ADMIN (ADMINID,PWHASH) values (3,'jelszo');
Insert into ADMIN.ADMIN (ADMINID,PWHASH) values (4,'jelszo');
Insert into ADMIN.ADMIN (ADMINID,PWHASH) values (5,'jelszo');
Insert into ADMIN.ADMIN (ADMINID,PWHASH) values (6,'jelszo');
Insert into ADMIN.ADMIN (ADMINID,PWHASH) values (7,'jelszo');
Insert into ADMIN.ADMIN (ADMINID,PWHASH) values (8,'jelszo');
Insert into ADMIN.ADMIN (ADMINID,PWHASH) values (9,'jelszo');
Insert into ADMIN.ADMIN (ADMINID,PWHASH) values (10,'jelszo');
Insert into ADMIN.ADMIN (ADMINID,PWHASH) values (11,'jelszo');
Insert into ADMIN.ADMIN (ADMINID,PWHASH) values (12,'jelszo');
Insert into ADMIN.ADMIN (ADMINID,PWHASH) values (13,'jelszo');
Insert into ADMIN.ADMIN (ADMINID,PWHASH) values (14,'jelszo');
Insert into ADMIN.ADMIN (ADMINID,PWHASH) values (15,'jelszo');
Insert into ADMIN.ADMIN (ADMINID,PWHASH) values (16,'jelszo');
Insert into ADMIN.ADMIN (ADMINID,PWHASH) values (17,'jelszo');
Insert into ADMIN.ADMIN (ADMINID,PWHASH) values (18,'jelszo');
Insert into ADMIN.ADMIN (ADMINID,PWHASH) values (19,'jelszo');
REM INSERTING into ADMIN.HALLGATO
SET DEFINE OFF;
Insert into ADMIN.HALLGATO (HALLGATOID,PWHASH,NAME) values (61,'$2b$10$6MMHTSjVPWQPv.LZDcRK6eErrFOcAwDNHfpSzI3mUbW6k/oaW2Rry','Détár Kende');
Insert into ADMIN.HALLGATO (HALLGATOID,PWHASH,NAME) values (81,'$2b$10$uPzT198cRtZRg5orcOteBeRwBVeE4.v3Q9mYQUthiHjVdHDX.tmje','Fábián Vince');
Insert into ADMIN.HALLGATO (HALLGATOID,PWHASH,NAME) values (82,'$2b$10$FqkskSzQJV84nREhGYoHduBryNtwtH8UZotqB25Tv8aqpqLd4auf2','Nagy Sándor');
Insert into ADMIN.HALLGATO (HALLGATOID,PWHASH,NAME) values (101,'$2b$10$3CY9UB9WTxQJ3F8PosweLuH6Lj12ZDgly09lz6m.13CuZoETinPZC','Détár Kende');
Insert into ADMIN.HALLGATO (HALLGATOID,PWHASH,NAME) values (62,'$2b$10$3gDLRmLSRGl/MERwLs8x8.MQRrahImkrhExDrgMeEUYGds7eN/QCW',null);
Insert into ADMIN.HALLGATO (HALLGATOID,PWHASH,NAME) values (63,'$2b$10$7whIivi/8yEqyN6iLGruBu050fVvkm/rrQiEsZUp6nDegjfCodHwm','Teszt3');
Insert into ADMIN.HALLGATO (HALLGATOID,PWHASH,NAME) values (122,'$2b$10$xG1BdZvo0ntHBlt05gw8dOLgwIFbxpfMlTWpK4lff0eWC9a91vqU6','Hallgató József');
Insert into ADMIN.HALLGATO (HALLGATOID,PWHASH,NAME) values (51,'$2b$10$OO91/pAJgJXN2A9FSqLLqOk2etP1V6XjqHLV3IK9WtCyRWCkMw8Qe','Détár Kende');
Insert into ADMIN.HALLGATO (HALLGATOID,PWHASH,NAME) values (121,'$2b$10$8nV1XDSAb4VkxCfY/A/1guhwYUJNNvQ6wfnXnQ8WDOqOPNaM9H/by','Hallgató István');
REM INSERTING into ADMIN.HIR
SET DEFINE OFF;
Insert into ADMIN.HIR (HIRID,KOZZETEVOID,CIM,SZOVEGTORZS,KULDESIDOPONT,ADMINE) values (8,41,'Hírek 2021.05.08','Nincsenek hírek',to_date('08-MAY-21','DD-MON-RR'),0);
Insert into ADMIN.HIR (HIRID,KOZZETEVOID,CIM,SZOVEGTORZS,KULDESIDOPONT,ADMINE) values (7,41,'Lehet, hogy élőben lesznek vizsgák?','A minisztérium semmi tekintettel a jelenlegi helyzetre bejelentette, hogy élőben is lehetnek vizsgák.
10 esetnél zárunk egyetemeket, 1700 napi esetnél nyitunk :harold:',to_date('08-MAY-21','DD-MON-RR'),0);
Insert into ADMIN.HIR (HIRID,KOZZETEVOID,CIM,SZOVEGTORZS,KULDESIDOPONT,ADMINE) values (9,41,'Működnek a hírek','Hurrá, működnek a hírek! Vajon egy emoji elrontja? --> 💩',to_date('08-MAY-21','DD-MON-RR'),0);
REM INSERTING into ADMIN.KURZUS
SET DEFINE OFF;
Insert into ADMIN.KURZUS (KURZUSID,OKTATOID,KURZUSNEV) values (46,41,'Kende kurzusa');
Insert into ADMIN.KURZUS (KURZUSID,OKTATOID,KURZUSNEV) values (61,61,'Holland Gabriella Kurzusa');
Insert into ADMIN.KURZUS (KURZUSID,OKTATOID,KURZUSNEV) values (84,82,'Óra teszt kurzus II.');
Insert into ADMIN.KURZUS (KURZUSID,OKTATOID,KURZUSNEV) values (82,81,'Óra előtti teszt kurzus');
Insert into ADMIN.KURZUS (KURZUSID,OKTATOID,KURZUSNEV) values (1,41,'Adatbazis alapu rendszerek');
Insert into ADMIN.KURZUS (KURZUSID,OKTATOID,KURZUSNEV) values (21,41,'Adatbazis Alapu Rendszerek');
REM INSERTING into ADMIN.KURZUSFELVETEL
SET DEFINE OFF;
Insert into ADMIN.KURZUSFELVETEL (HALLGATOID,KURZUSID) values (121,1);
Insert into ADMIN.KURZUSFELVETEL (HALLGATOID,KURZUSID) values (121,46);
Insert into ADMIN.KURZUSFELVETEL (HALLGATOID,KURZUSID) values (122,46);
Insert into ADMIN.KURZUSFELVETEL (HALLGATOID,KURZUSID) values (122,1);
Insert into ADMIN.KURZUSFELVETEL (HALLGATOID,KURZUSID) values (101,61);
Insert into ADMIN.KURZUSFELVETEL (HALLGATOID,KURZUSID) values (101,21);
Insert into ADMIN.KURZUSFELVETEL (HALLGATOID,KURZUSID) values (81,21);
Insert into ADMIN.KURZUSFELVETEL (HALLGATOID,KURZUSID) values (101,84);
Insert into ADMIN.KURZUSFELVETEL (HALLGATOID,KURZUSID) values (101,82);
REM INSERTING into ADMIN.OKTATO
SET DEFINE OFF;
Insert into ADMIN.OKTATO (OKTATOID,PWHASH,NAME) values (41,'$2b$10$PRrmoktnNXXwsbRQTRh47.sXcw1ED2NbjP8rDfcfWDrWDPJlfu/sK','Détár Kende');
Insert into ADMIN.OKTATO (OKTATOID,PWHASH,NAME) values (61,'$2b$10$l0R43fdh.7eaDgsRsxyn5uxfp.zkJ/yFbXbXjuT1KdGbfgQDiLFEC','Holland Gabriella');
Insert into ADMIN.OKTATO (OKTATOID,PWHASH,NAME) values (82,'$2b$10$YOB0UfyMvxWEKnQu92wxzemBe6YSSwUceWPF0TRWLFt1GfncHxWUy','Oktató József');
Insert into ADMIN.OKTATO (OKTATOID,PWHASH,NAME) values (21,'$2b$10$pfnu8Ul2o1tzBOD7l.C8W.OH7XZJVyAf/Nt5FwzLwCMX3ttA1.vgu','Détár Kende');
Insert into ADMIN.OKTATO (OKTATOID,PWHASH,NAME) values (81,'$2b$10$9WOLV6/.ks4WFNHOp9641eisGe8LO8RYQIt/bOpxAIMwJCjbMffFS','Oktató Ilona');
REM INSERTING into ADMIN.VIZSGAALKALOM
SET DEFINE OFF;
Insert into ADMIN.VIZSGAALKALOM (VIZSGAALKALOMID,KURZUSID,KEZDESIDOPONT,VEGZESIDOPONT,FEROHELYEKSZAMA) values (1,1,to_date('20-APR-21','DD-MON-RR'),to_date('20-APR-21','DD-MON-RR'),200);
Insert into ADMIN.VIZSGAALKALOM (VIZSGAALKALOMID,KURZUSID,KEZDESIDOPONT,VEGZESIDOPONT,FEROHELYEKSZAMA) values (41,1,to_date('21-MAY-21','DD-MON-RR'),to_date('21-MAY-21','DD-MON-RR'),15);
Insert into ADMIN.VIZSGAALKALOM (VIZSGAALKALOMID,KURZUSID,KEZDESIDOPONT,VEGZESIDOPONT,FEROHELYEKSZAMA) values (4,46,to_date('28-APR-21','DD-MON-RR'),to_date('28-APR-21','DD-MON-RR'),2);
Insert into ADMIN.VIZSGAALKALOM (VIZSGAALKALOMID,KURZUSID,KEZDESIDOPONT,VEGZESIDOPONT,FEROHELYEKSZAMA) values (6,21,to_date('13-MAY-21','DD-MON-RR'),to_date('13-MAY-21','DD-MON-RR'),69);
Insert into ADMIN.VIZSGAALKALOM (VIZSGAALKALOMID,KURZUSID,KEZDESIDOPONT,VEGZESIDOPONT,FEROHELYEKSZAMA) values (21,61,to_date('28-APR-21','DD-MON-RR'),to_date('28-APR-21','DD-MON-RR'),200);
Insert into ADMIN.VIZSGAALKALOM (VIZSGAALKALOMID,KURZUSID,KEZDESIDOPONT,VEGZESIDOPONT,FEROHELYEKSZAMA) values (61,1,to_date('20-APR-21','DD-MON-RR'),to_date('20-APR-21','DD-MON-RR'),200);
Insert into ADMIN.VIZSGAALKALOM (VIZSGAALKALOMID,KURZUSID,KEZDESIDOPONT,VEGZESIDOPONT,FEROHELYEKSZAMA) values (5,46,to_date('28-APR-21','DD-MON-RR'),to_date('28-APR-21','DD-MON-RR'),32);
Insert into ADMIN.VIZSGAALKALOM (VIZSGAALKALOMID,KURZUSID,KEZDESIDOPONT,VEGZESIDOPONT,FEROHELYEKSZAMA) values (7,46,to_date('10-JUN-21','DD-MON-RR'),to_date('10-JUN-21','DD-MON-RR'),21);
Insert into ADMIN.VIZSGAALKALOM (VIZSGAALKALOMID,KURZUSID,KEZDESIDOPONT,VEGZESIDOPONT,FEROHELYEKSZAMA) values (8,46,to_date('10-APR-21','DD-MON-RR'),to_date('10-APR-21','DD-MON-RR'),233);
REM INSERTING into ADMIN.VIZSGAFELVETEL
SET DEFINE OFF;
Insert into ADMIN.VIZSGAFELVETEL (HALLGATOID,VIZSGAALKALOMID) values (101,5);
Insert into ADMIN.VIZSGAFELVETEL (HALLGATOID,VIZSGAALKALOMID) values (101,6);
Insert into ADMIN.VIZSGAFELVETEL (HALLGATOID,VIZSGAALKALOMID) values (122,1);
Insert into ADMIN.VIZSGAFELVETEL (HALLGATOID,VIZSGAALKALOMID) values (121,1);
Insert into ADMIN.VIZSGAFELVETEL (HALLGATOID,VIZSGAALKALOMID) values (121,7);
Insert into ADMIN.VIZSGAFELVETEL (HALLGATOID,VIZSGAALKALOMID) values (122,7);
--------------------------------------------------------
--  DDL for Trigger VIZSGAFELVETEL_TRIGGER
--------------------------------------------------------

CREATE OR REPLACE EDITIONABLE TRIGGER "ADMIN"."VIZSGAFELVETEL_TRIGGER"
BEFORE INSERT OR UPDATE ON VIZSGAFELVETEL
REFERENCING NEW AS NEW OLD AS OLD
FOR EACH ROW

DECLARE
    query VIZSGAALKALOM.VIZSGAALKALOMID%type;

BEGIN
    SELECT VIZSGAALKALOM.VIZSGAALKALOMID INTO query FROM 
    VIZSGAFELVETEL LEFT JOIN VIZSGAALKALOM 
    ON VIZSGAALKALOM.VIZSGAALKALOMID = VIZSGAFELVETEL.VIZSGAALKALOMID 
    WHERE VIZSGAFELVETEL.HALLGATOID = :NEW.HALLGATOID 
    AND VIZSGAALKALOM.KEZDESIDOPONT > SYSTIMESTAMP AT TIME ZONE 'Europe/Berlin';

    IF query IS NOT NULL THEN
        RAISE_APPLICATION_ERROR(-20001, 'Mar van felvett vizsgaalkalom a jovoben!');    
    END IF;
END;

/
ALTER TRIGGER "ADMIN"."VIZSGAFELVETEL_TRIGGER" ENABLE;
--------------------------------------------------------
--  Constraints for Table VIZSGAFELVETEL
--------------------------------------------------------

  ALTER TABLE "ADMIN"."VIZSGAFELVETEL" MODIFY ("HALLGATOID" NOT NULL ENABLE);
  ALTER TABLE "ADMIN"."VIZSGAFELVETEL" MODIFY ("VIZSGAALKALOMID" NOT NULL ENABLE);
--------------------------------------------------------
--  Constraints for Table ADMIN
--------------------------------------------------------

  ALTER TABLE "ADMIN"."ADMIN" MODIFY ("ADMINID" NOT NULL ENABLE);
  ALTER TABLE "ADMIN"."ADMIN" ADD PRIMARY KEY ("ADMINID")
  USING INDEX PCTFREE 10 INITRANS 20 MAXTRANS 255 COMPUTE STATISTICS 
  STORAGE(INITIAL 65536 NEXT 1048576 MINEXTENTS 1 MAXEXTENTS 2147483645
  PCTINCREASE 0 FREELISTS 1 FREELIST GROUPS 1
  BUFFER_POOL DEFAULT FLASH_CACHE DEFAULT CELL_FLASH_CACHE DEFAULT)
  TABLESPACE "DATA"  ENABLE;
--------------------------------------------------------
--  Constraints for Table HALLGATO
--------------------------------------------------------

  ALTER TABLE "ADMIN"."HALLGATO" MODIFY ("HALLGATOID" NOT NULL ENABLE);
  ALTER TABLE "ADMIN"."HALLGATO" ADD PRIMARY KEY ("HALLGATOID")
  USING INDEX PCTFREE 10 INITRANS 20 MAXTRANS 255 COMPUTE STATISTICS 
  STORAGE(INITIAL 65536 NEXT 1048576 MINEXTENTS 1 MAXEXTENTS 2147483645
  PCTINCREASE 0 FREELISTS 1 FREELIST GROUPS 1
  BUFFER_POOL DEFAULT FLASH_CACHE DEFAULT CELL_FLASH_CACHE DEFAULT)
  TABLESPACE "DATA"  ENABLE;
--------------------------------------------------------
--  Constraints for Table HIR
--------------------------------------------------------

  ALTER TABLE "ADMIN"."HIR" MODIFY ("HIRID" NOT NULL ENABLE);
  ALTER TABLE "ADMIN"."HIR" MODIFY ("KOZZETEVOID" NOT NULL ENABLE);
  ALTER TABLE "ADMIN"."HIR" MODIFY ("ADMINE" NOT NULL ENABLE);
  ALTER TABLE "ADMIN"."HIR" ADD CHECK (ADMINE IN (1,0)) ENABLE;
--------------------------------------------------------
--  Constraints for Table OKTATO
--------------------------------------------------------

  ALTER TABLE "ADMIN"."OKTATO" MODIFY ("OKTATOID" NOT NULL ENABLE);
  ALTER TABLE "ADMIN"."OKTATO" ADD PRIMARY KEY ("OKTATOID")
  USING INDEX PCTFREE 10 INITRANS 20 MAXTRANS 255 COMPUTE STATISTICS 
  STORAGE(INITIAL 65536 NEXT 1048576 MINEXTENTS 1 MAXEXTENTS 2147483645
  PCTINCREASE 0 FREELISTS 1 FREELIST GROUPS 1
  BUFFER_POOL DEFAULT FLASH_CACHE DEFAULT CELL_FLASH_CACHE DEFAULT)
  TABLESPACE "DATA"  ENABLE;
--------------------------------------------------------
--  Constraints for Table KURZUSFELVETEL
--------------------------------------------------------

  ALTER TABLE "ADMIN"."KURZUSFELVETEL" MODIFY ("HALLGATOID" NOT NULL ENABLE);
  ALTER TABLE "ADMIN"."KURZUSFELVETEL" MODIFY ("KURZUSID" NOT NULL ENABLE);
--------------------------------------------------------
--  Constraints for Table KURZUS
--------------------------------------------------------

  ALTER TABLE "ADMIN"."KURZUS" MODIFY ("KURZUSID" NOT NULL ENABLE);
  ALTER TABLE "ADMIN"."KURZUS" ADD PRIMARY KEY ("KURZUSID")
  USING INDEX PCTFREE 10 INITRANS 20 MAXTRANS 255 COMPUTE STATISTICS 
  STORAGE(INITIAL 65536 NEXT 1048576 MINEXTENTS 1 MAXEXTENTS 2147483645
  PCTINCREASE 0 FREELISTS 1 FREELIST GROUPS 1
  BUFFER_POOL DEFAULT FLASH_CACHE DEFAULT CELL_FLASH_CACHE DEFAULT)
  TABLESPACE "DATA"  ENABLE;
--------------------------------------------------------
--  Constraints for Table VIZSGAALKALOM
--------------------------------------------------------

  ALTER TABLE "ADMIN"."VIZSGAALKALOM" MODIFY ("VIZSGAALKALOMID" NOT NULL ENABLE);
  ALTER TABLE "ADMIN"."VIZSGAALKALOM" MODIFY ("KURZUSID" NOT NULL ENABLE);
  ALTER TABLE "ADMIN"."VIZSGAALKALOM" ADD PRIMARY KEY ("VIZSGAALKALOMID")
  USING INDEX PCTFREE 10 INITRANS 20 MAXTRANS 255 COMPUTE STATISTICS 
  STORAGE(INITIAL 65536 NEXT 1048576 MINEXTENTS 1 MAXEXTENTS 2147483645
  PCTINCREASE 0 FREELISTS 1 FREELIST GROUPS 1
  BUFFER_POOL DEFAULT FLASH_CACHE DEFAULT CELL_FLASH_CACHE DEFAULT)
  TABLESPACE "DATA"  ENABLE;
--------------------------------------------------------
--  Ref Constraints for Table KURZUS
--------------------------------------------------------

  ALTER TABLE "ADMIN"."KURZUS" ADD FOREIGN KEY ("OKTATOID")
	  REFERENCES "ADMIN"."OKTATO" ("OKTATOID") ENABLE;
--------------------------------------------------------
--  Ref Constraints for Table KURZUSFELVETEL
--------------------------------------------------------

  ALTER TABLE "ADMIN"."KURZUSFELVETEL" ADD FOREIGN KEY ("HALLGATOID")
	  REFERENCES "ADMIN"."HALLGATO" ("HALLGATOID") ENABLE;
  ALTER TABLE "ADMIN"."KURZUSFELVETEL" ADD FOREIGN KEY ("KURZUSID")
	  REFERENCES "ADMIN"."KURZUS" ("KURZUSID") ENABLE;
--------------------------------------------------------
--  Ref Constraints for Table VIZSGAALKALOM
--------------------------------------------------------

  ALTER TABLE "ADMIN"."VIZSGAALKALOM" ADD FOREIGN KEY ("KURZUSID")
	  REFERENCES "ADMIN"."KURZUS" ("KURZUSID") ENABLE;
--------------------------------------------------------
--  Ref Constraints for Table VIZSGAFELVETEL
--------------------------------------------------------

  ALTER TABLE "ADMIN"."VIZSGAFELVETEL" ADD FOREIGN KEY ("HALLGATOID")
	  REFERENCES "ADMIN"."HALLGATO" ("HALLGATOID") ENABLE;
  ALTER TABLE "ADMIN"."VIZSGAFELVETEL" ADD FOREIGN KEY ("VIZSGAALKALOMID")
	  REFERENCES "ADMIN"."VIZSGAALKALOM" ("VIZSGAALKALOMID") ENABLE;
